id,title,score,num_comments,author,created_utc,url,over_18,edited,spoiler,stickied
1kxs2fu,"Does anyone here use Linux as their main operating system, and do you recommend it?",48,73,maz_dex,2025-05-28 20:46:18,https://www.reddit.com/r/dataengineering/comments/1kxs2fu/does_anyone_here_use_linux_as_their_main/,False,False,False,False
1kxzk3f,"How useful is dbt in real-world data teams? What changes has it brought, and what are the pitfalls or reality checks?",45,45,BankEcstatic8883,2025-05-29 02:24:45,https://www.reddit.com/r/dataengineering/comments/1kxzk3f/how_useful_is_dbt_in_realworld_data_teams_what/,False,False,False,False
1kych1l,Team wants every service to write individual records directly to Apache Iceberg - am I wrong to think this won't scale?,33,29,AlternativeTwist6742,2025-05-29 14:39:07,https://www.reddit.com/r/dataengineering/comments/1kych1l/team_wants_every_service_to_write_individual/,False,False,False,False
1kyccwt,Is new dbt announcement driving bigger wedge between core and cloud?,31,22,engineer_of-sorts,2025-05-29 14:34:31,https://www.reddit.com/r/dataengineering/comments/1kyccwt/is_new_dbt_announcement_driving_bigger_wedge/,False,False,False,False
1kxqzcx,Introducing DEtermined: The Open Resource for Data Engineering Mastery,26,12,Heartsbaneee,2025-05-28 20:03:34,https://www.reddit.com/r/dataengineering/comments/1kxqzcx/introducing_determined_the_open_resource_for_data/,False,False,False,False
1ky5gtt,Apache Iceberg vs Delta lake,19,9,Still-Butterfly-3669,2025-05-29 08:22:09,https://www.reddit.com/r/dataengineering/comments/1ky5gtt/apache_iceberg_vs_delta_lake/,False,False,False,False
1ky7983,"""Normal"" amount of data re-calculation",17,13,Familiar-Monk9616,2025-05-29 10:21:06,https://www.reddit.com/r/dataengineering/comments/1ky7983/normal_amount_of_data_recalculation/,False,False,False,False
1ky80zh,ELT hobby project,8,2,gatornado420,2025-05-29 11:07:59,https://www.reddit.com/r/dataengineering/comments/1ky80zh/elt_hobby_project/,False,False,False,False
1ky5smd,"Redshift query compilation is slow, will BigQuery fix this?",9,18,bergandberg,2025-05-29 08:44:44,https://www.reddit.com/r/dataengineering/comments/1ky5smd/redshift_query_compilation_is_slow_will_bigquery/,False,False,False,False
1kxvdxp,Snowflake Phasing out Single Factor Authentication + DBT,8,11,CingKan,2025-05-28 23:05:11,https://www.reddit.com/r/dataengineering/comments/1kxvdxp/snowflake_phasing_out_single_factor/,False,False,False,False
1kyffrm,What’s a Data Engineering hiring process like in 2025?,9,3,gbj784,2025-05-29 16:37:33,https://www.reddit.com/r/dataengineering/comments/1kyffrm/whats_a_data_engineering_hiring_process_like_in/,False,False,False,False
1kxsxqv,Integrating GA4 + BigQuery into AWS-based Data Stack for Marketplace Analytics – Facing ETL Challenges,7,7,cadlx,2025-05-28 21:20:48,https://www.reddit.com/r/dataengineering/comments/1kxsxqv/integrating_ga4_bigquery_into_awsbased_data_stack/,False,False,False,False
1ky9xj5,Data Science VS Data Engineering,7,20,AvailableJob1557,2025-05-29 12:48:26,https://www.reddit.com/r/dataengineering/comments/1ky9xj5/data_science_vs_data_engineering/,False,False,False,False
1ky2ex7,Data Engineering Interns - what is/was your main complaint/disappointment about your internship?,6,6,Street_Challenge6834,2025-05-29 05:01:00,https://www.reddit.com/r/dataengineering/comments/1ky2ex7/data_engineering_interns_what_iswas_your_main/,False,False,False,False
1kxzcuu,Should a lakehouse be theorigin for a dataset?,7,6,junglemeinmor,2025-05-29 02:14:39,https://www.reddit.com/r/dataengineering/comments/1kxzcuu/should_a_lakehouse_be_theorigin_for_a_dataset/,False,False,False,False
1kxrzh5,Why are so many companies hiring for ML Model Infrastructure Teams?,6,4,Appropriate_Collar52,2025-05-28 20:43:15,https://www.reddit.com/r/dataengineering/comments/1kxrzh5/why_are_so_many_companies_hiring_for_ml_model/,False,False,False,False
1kyhpq9,Public repositories to learn integration testing,3,0,YameteGPT,2025-05-29 18:07:01,https://www.reddit.com/r/dataengineering/comments/1kyhpq9/public_repositories_to_learn_integration_testing/,False,False,False,False
1kydrf2,Vertex AI vs. Llama for a RAG project ¿what are the main trade-offs?,1,2,chefs-1,2025-05-29 15:30:39,https://www.reddit.com/r/dataengineering/comments/1kydrf2/vertex_ai_vs_llama_for_a_rag_project_what_are_the/,False,False,False,False
1ky3j50,Data connectors and BI for small team,3,6,qascevgd,2025-05-29 06:12:17,https://www.reddit.com/r/dataengineering/comments/1ky3j50/data_connectors_and_bi_for_small_team/,False,False,False,False
1kxz028,Should I get masters in CS or computational analytics?,2,8,ManagementMedical138,2025-05-29 01:57:01,https://www.reddit.com/r/dataengineering/comments/1kxz028/should_i_get_masters_in_cs_or_computational/,False,False,False,False
1kxqewe,"Research Topic: The impact on data team when they are building a RAG Model or supporting a vertical Agent (for Customer Success, HR or sales) that was just bought in the organization.",2,0,UnderstandingTop1424,2025-05-28 19:41:05,https://www.reddit.com/r/dataengineering/comments/1kxqewe/research_topic_the_impact_on_data_team_when_they/,False,False,False,False
1kyi8v4,Table or infra observability for iceberg?,1,1,urban-pro,2025-05-29 18:27:53,https://www.reddit.com/r/dataengineering/comments/1kyi8v4/table_or_infra_observability_for_iceberg/,False,False,False,False
1kyi6hx,What do you use for Lineage and why?,1,0,AMDataLake,2025-05-29 18:25:15,https://www.reddit.com/r/dataengineering/comments/1kyi6hx/what_do_you_use_for_lineage_and_why/,False,False,False,False
1kyb0un,"Data Testing, Monitoring, or Observability?",1,0,iCEDQTorana,2025-05-29 13:38:18,https://www.reddit.com/r/dataengineering/comments/1kyb0un/data_testing_monitoring_or_observability/,False,False,False,False
1ky8job,Master in Data Engineering [Europe],1,1,xxguimxx1,2025-05-29 11:37:03,https://www.reddit.com/r/dataengineering/comments/1ky8job/master_in_data_engineering_europe/,False,False,False,False
1ky6iz8,Placement of fact tables in data architecture,1,1,Hungry_Ad8053,2025-05-29 09:34:40,https://www.reddit.com/r/dataengineering/comments/1ky6iz8/placement_of_fact_tables_in_data_architecture/,False,False,False,False
1kxwcwn,dbt-core is 1.8 on my dbt-sqlserver project,1,2,reelznfeelz,2025-05-28 23:49:20,https://www.reddit.com/r/dataengineering/comments/1kxwcwn/dbtcore_is_18_on_my_dbtsqlserver_project/,False,False,False,False
1kxrnw0,Brahmand: a graph database built on ClickHouse with Cypher support,1,0,strider_2112,2025-05-28 20:30:45,https://www.reddit.com/r/dataengineering/comments/1kxrnw0/brahmand_a_graph_database_built_on_clickhouse/,False,False,False,False
1kyhaib,Quero migrar do Planejamento Estratégico para Engenharia de Dados - Conselhos (?),0,1,lucasbastos01,2025-05-29 17:50:23,https://www.reddit.com/r/dataengineering/comments/1kyhaib/quero_migrar_do_planejamento_estratégico_para/,False,False,False,False
1ky7vpt,Bootcamp Recommendations,0,3,ZehavaBatya,2025-05-29 10:59:54,https://www.reddit.com/r/dataengineering/comments/1ky7vpt/bootcamp_recommendations/,False,False,False,False
1ky23jc,should I delay grad to get data engineering experience?,0,1,Egao4,2025-05-29 04:41:54,https://www.reddit.com/r/dataengineering/comments/1ky23jc/should_i_delay_grad_to_get_data_engineering/,False,False,False,False
1kyc2bh,Do analytics teams in your company own their logic end-to-end? Or do you rely on devs to deploy it?,0,5,daffw,2025-05-29 14:22:34,https://www.reddit.com/r/dataengineering/comments/1kyc2bh/do_analytics_teams_in_your_company_own_their/,False,False,False,False
1kxsg90,Am I on the right path in data engineering ?,0,5,Ancient-Leather-1220,2025-05-28 21:01:30,https://www.reddit.com/r/dataengineering/comments/1kxsg90/am_i_on_the_right_path_in_data_engineering/,False,False,False,False
1kxs9r6,"With so many data engineers in the world, why hasn't someone written up a solid ""Ace the Data Engineering Assessment"" book yet?",0,4,Appropriate_Collar52,2025-05-28 20:54:20,https://www.reddit.com/r/dataengineering/comments/1kxs9r6/with_so_many_data_engineers_in_the_world_why/,False,False,False,False
